date,open,high,low,close,volume,return,asset,finbert_score,vader_score,finbert_lag_1,vader_lag_1,finbert_lag_2,vader_lag_2,finbert_lag_3,vader_lag_3,finbert_lag_5,vader_lag_5,vol_5,vol_22,vol_60,vol_target,log_vol_target,abs_return,sq_return,finbert_surprise,vader_surprise,sent_x_vol5,sent_x_vol22,sent_x_absret
2024-12-14,101451.4375,102618.8828125,100634.0546875,101372.96875,40422968793,-0.0008508417934169898,BTC,0.12891562499999998,0.12891562499999998,0.14612727272727272,0.14612727272727272,0.006233333333333328,0.006233333333333328,-0.01293846153846154,-0.01293846153846154,0.16097096774193548,0.16097096774193548,0.02312372935837378,0.02391919557435657,0.027675779171967126,0.03003806203666794,-3.505256676386328,0.0008508417934169898,7.239317574250396e-07,0.07876473776223772,0.07876473776223772,0.0029810100225656044,0.003083558046965411,0.00010968680157447211
2024-12-16,104293.578125,107780.578125,103322.984375,106029.71875,91020417816,0.016460567443029817,BTC,0.0,0.0,0.12891562499999998,0.12891562499999998,0.14612727272727272,0.14612727272727272,0.006233333333333328,0.006233333333333328,-0.01758333333333333,-0.01758333333333333,0.02148481697970085,0.023936114720185152,0.027668373343513582,0.026000560866537428,-3.6495987094342204,0.016460567443029817,0.00027095028054653316,-0.05366755390442892,-0.05366755390442892,0.0,0.0,0.0
2024-12-17,106030.6875,108268.4453125,105291.734375,106140.6015625,68589364868,0.0010452246330352466,BTC,0.06352,0.06352,0.0,0.0,0.12891562499999998,0.12891562499999998,0.14612727272727272,0.14612727272727272,-0.01293846153846154,-0.01293846153846154,0.011408755503584157,0.023937827196448543,0.027335480618604864,0.023883349437881406,-3.734531869777998,0.0010452246330352466,1.092494533503666e-06,-0.005439246212121218,-0.005439246212121218,0.0007246841495876656,0.0015205307835184114,6.639266869039885e-05
2024-12-18,106147.296875,106470.609375,100041.5390625,100041.5390625,93865656139,-0.05917915465376922,BTC,-0.15105,-0.15105,0.06352,0.06352,0.0,0.0,0.12891562499999998,0.12891562499999998,0.006233333333333328,0.006233333333333328,0.030864505438381228,0.02480980497781709,0.028656092609379923,0.012288998918154425,-4.398969443430689,0.05917915465376922,0.003502172345534735,-0.18855257954545457,-0.18855257954545457,-0.004662083546467484,-0.003747521041899271,-0.00893901131045184
2024-12-19,100070.6875,102748.1484375,95587.6796875,97490.953125,97221662392,-0.025825905125143933,BTC,0.0,0.0,-0.15105,-0.15105,0.06352,0.06352,0.0,0.0,0.14612727272727272,0.14612727272727272,0.02961236622711386,0.025348115664753805,0.028744889745997027,0.023541516585815957,-3.7489472760750067,0.025825905125143933,0.0006669773755329357,-0.008277125000000019,-0.008277125000000019,0.0,0.0,0.0
2024-12-20,97484.6953125,98098.9140625,92175.1796875,97755.9296875,105634083408,0.002714273553184654,BTC,0.046,0.046,0.0,0.0,-0.15105,-0.15105,0.06352,0.06352,0.12891562499999998,0.12891562499999998,0.03003806203666794,0.02364847078707162,0.028741291169230177,0.023607199053346458,-3.746161209771383,0.002714273553184654,7.367280921517647e-06,0.05430599999999998,0.05430599999999998,0.0013817508536867252,0.0010878296562052945,0.0001248565834464941
2024-12-21,97756.1953125,99507.1015625,96426.5234375,97224.7265625,51765334294,-0.005448791172121048,BTC,0.0,0.0,0.046,0.046,0.0,0.0,-0.15105,-0.15105,0.0,0.0,0.026000560866537428,0.023665574917982934,0.02874148724209315,0.02955959325229183,-3.5213131136755194,0.005448791172121048,2.9689325237384265e-05,0.008305999999999977,0.008305999999999977,0.0,0.0,0.0
2024-12-22,97218.3203125,97360.265625,94202.1875,95104.9375,43147981314,-0.02204418038201439,BTC,0.17828,0.17828,0.0,0.0,0.046,0.046,0.0,0.0,0.06352,0.06352,0.023883349437881406,0.023679927537602573,0.028410304042633023,0.02884452495368189,-3.545800412316616,0.02204418038201439,0.00048594588871478806,0.16363399999999997,0.16363399999999997,0.004257923537785497,0.004221657481403787,0.003930036478505525
2024-12-23,95099.390625,96416.2109375,92403.1328125,94686.2421875,65239002919,-0.004412175449120426,BTC,-0.07656666666666667,-0.07656666666666667,0.17828,0.17828,0.0,0.0,0.046,0.046,-0.15105,-0.15105,0.012288998918154425,0.02361728524114142,0.028409656711373545,0.02930279690311569,-3.530038184217749,0.004412175449120426,1.946729219382103e-05,-0.10610933333333336,-0.10610933333333336,-0.0009409276838333572,-0.0018082968066300616,-0.00033782556688765394
2024-12-24,94684.34375,99404.0625,93448.015625,98676.09375,47114953674,0.0412739940682787,BTC,-0.031724999999999996,-0.031724999999999996,-0.07656666666666667,-0.07656666666666667,0.17828,0.17828,0.0,0.0,0.0,0.0,0.023541516585815957,0.02529266649571513,0.028789608528402483,0.01912001461784338,-3.956967306980033,0.0412739940682787,0.001703542586348305,-0.05492266666666669,-0.05492266666666669,-0.0007468546136850111,-0.0008024098445765625,-0.0013094174618161415
2024-12-25,98675.9140625,99478.75,97593.46875,99299.1953125,33700394629,0.006294761562736895,BTC,0.2155,0.2155,-0.031724999999999996,-0.031724999999999996,-0.07656666666666667,-0.07656666666666667,0.17828,0.17828,0.046,0.046,0.023607199053346458,0.02513419755170916,0.028766752586761285,0.016766063793618988,-4.0883388053209355,0.006294761562736895,3.962402313170983e-05,0.1584023333333333,0.1584023333333333,0.005087351395996162,0.005416419572393324,0.0013565211167698007
2024-12-26,99297.6953125,99884.5703125,95137.8828125,95795.515625,47054980873,-0.03592159329680378,BTC,0.008899999999999998,0.008899999999999998,0.2155,0.2155,-0.031724999999999996,-0.031724999999999996,-0.07656666666666667,-0.07656666666666667,0.0,0.0,0.02955959325229183,0.02628968185387937,0.0292367202433474,0.013629598764626018,-4.295438104332055,0.03592159329680378,0.001290360864980978,-0.049977666666666684,-0.049977666666666684,0.0002630803799453972,0.00023397816849952635,0.00031970218034155354
2024-12-27,95704.9765625,97294.84375,93310.7421875,94164.859375,52419934565,-0.01716880486495498,BTC,0.1736625,0.1736625,0.008899999999999998,0.008899999999999998,0.2155,0.2155,-0.031724999999999996,-0.031724999999999996,0.17828,0.17828,0.02884452495368189,0.025616765146873378,0.02936690314231498,0.013068854619822958,-4.337446874604277,0.01716880486495498,0.0002947678604909017,0.11570833333333332,0.11570833333333332,0.005009212314768781,0.0044486714773188975,0.002981577574860244
