date,open,high,low,close,volume,return,asset,finbert_score,vader_score,finbert_lag_1,vader_lag_1,finbert_lag_2,vader_lag_2,finbert_lag_3,vader_lag_3,finbert_lag_5,vader_lag_5
2024-10-08,62221.64453125,63174.3046875,61843.5625,62131.96875,28134475157,-0.0016835665376202513,BTC,0.03974615384615384,0.03974615384615384,-0.25443333333333334,-0.25443333333333334,0.08333333333333333,0.08333333333333333,0.22047499999999998,0.22047499999999998,0.22069285714285716,0.22069285714285716
2024-10-09,62131.7265625,62508.8359375,60314.61328125,60582.1015625,27670982363,-0.025261155468463414,BTC,0.001271428571428582,0.001271428571428582,0.03974615384615384,0.03974615384615384,-0.25443333333333334,-0.25443333333333334,0.08333333333333333,0.08333333333333333,-0.07530909090909091,-0.07530909090909091
2024-10-10,60581.9296875,61236.72265625,58895.20703125,60274.5,30452813570,-0.005090366975952776,BTC,-0.015658823529411774,-0.015658823529411774,0.001271428571428582,0.001271428571428582,0.03974615384615384,0.03974615384615384,-0.25443333333333334,-0.25443333333333334,0.22047499999999998,0.22047499999999998
2024-10-11,60275.4609375,63400.87109375,60046.125,62445.08984375,30327141594,0.035378479360446136,BTC,0.19314285714285714,0.19314285714285714,-0.015658823529411774,-0.015658823529411774,0.001271428571428582,0.001271428571428582,0.03974615384615384,0.03974615384615384,0.08333333333333333,0.08333333333333333
2024-10-12,62444.6171875,63448.78515625,62443.26953125,63193.0234375,16744110886,0.011906298332258203,BTC,0.0,0.0,0.19314285714285714,0.19314285714285714,-0.015658823529411774,-0.015658823529411774,0.001271428571428582,0.001271428571428582,-0.25443333333333334,-0.25443333333333334
2024-10-13,63192.9453125,63272.65234375,62035.63671875,62851.375,18177529690,-0.00542109412935865,BTC,0.04939,0.04939,0.0,0.0,0.19314285714285714,0.19314285714285714,-0.015658823529411774,-0.015658823529411774,0.03974615384615384,0.03974615384615384
2024-10-14,62848.3984375,66482.4921875,62442.15234375,66046.125,43706958056,0.04958054928829014,BTC,0.022933333333333337,0.022933333333333337,0.04939,0.04939,0.0,0.0,0.19314285714285714,0.19314285714285714,0.001271428571428582,0.001271428571428582
2024-10-15,66050.3671875,67881.6796875,64809.1953125,67041.109375,48863870879,0.01495264242203831,BTC,0.0,0.0,0.022933333333333337,0.022933333333333337,0.04939,0.04939,0.0,0.0,-0.015658823529411774,-0.015658823529411774
2024-10-16,67042.4609375,68375.2890625,66758.7265625,67612.71875,38195189534,0.008490108547450248,BTC,0.03535555555555556,0.03535555555555556,0.0,0.0,0.022933333333333337,0.022933333333333337,0.04939,0.04939,0.19314285714285714,0.19314285714285714
2024-10-17,67617.078125,67912.2109375,66647.390625,67399.8359375,32790898511,-0.0031535287872266338,BTC,-0.05666666666666667,-0.05666666666666667,0.03535555555555556,0.03535555555555556,0.0,0.0,0.022933333333333337,0.022933333333333337,0.0,0.0
2024-10-18,67419.109375,68969.75,67177.8203125,68418.7890625,36857165014,0.015004897049664123,BTC,0.220475,0.220475,-0.05666666666666667,-0.05666666666666667,0.03535555555555556,0.03535555555555556,0.0,0.0,0.04939,0.04939
2024-10-19,68418.9765625,68668.0078125,68024.640625,68362.734375,14443497908,-0.0008196237215276625,BTC,0.33525,0.33525,0.220475,0.220475,-0.05666666666666667,-0.05666666666666667,0.03535555555555556,0.03535555555555556,0.022933333333333337,0.022933333333333337
2024-10-20,68364.1796875,69359.0078125,68105.71875,69001.703125,18975847518,0.009303330181939629,BTC,0.16304,0.16304,0.33525,0.33525,0.220475,0.220475,-0.05666666666666667,-0.05666666666666667,0.0,0.0
2024-10-21,69002.0,69462.734375,66829.8515625,67367.8515625,37498611780,-0.023963262921302686,BTC,0.060200000000000004,0.060200000000000004,0.16304,0.16304,0.33525,0.33525,0.220475,0.220475,0.03535555555555556,0.03535555555555556
2024-10-22,67360.703125,67801.578125,66581.3671875,67361.40625,31808472566,-9.567799317800052e-05,BTC,0.0023333333333333353,0.0023333333333333353,0.060200000000000004,0.060200000000000004,0.16304,0.16304,0.33525,0.33525,-0.05666666666666667,-0.05666666666666667
2024-10-23,67362.375,67402.7421875,65188.03515625,66432.1953125,32263980353,-0.013890438213698175,BTC,0.032,0.032,0.0023333333333333353,0.0023333333333333353,0.060200000000000004,0.060200000000000004,0.16304,0.16304,0.220475,0.220475
2024-10-24,66653.703125,68798.9609375,66454.1015625,68161.0546875,31414428647,0.025691547967452877,BTC,0.10527142857142859,0.10527142857142859,0.032,0.032,0.0023333333333333353,0.0023333333333333353,0.060200000000000004,0.060200000000000004,0.33525,0.33525
2024-10-25,68165.296875,68722.15625,65521.79296875,66642.4140625,41469984306,-0.02253213347279548,BTC,0.11333333333333334,0.11333333333333334,0.10527142857142859,0.10527142857142859,0.032,0.032,0.0023333333333333353,0.0023333333333333353,0.16304,0.16304
2024-10-27,67023.4765625,68221.3125,66847.2265625,67929.296875,16721307878,0.013555484057567568,BTC,0.027166666666666655,0.027166666666666655,0.11333333333333334,0.11333333333333334,0.10527142857142859,0.10527142857142859,0.032,0.032,0.060200000000000004,0.060200000000000004
2024-10-28,67922.671875,70212.265625,67535.1328125,69907.7578125,38799856657,0.02870921510255542,BTC,0.08650000000000001,0.08650000000000001,0.027166666666666655,0.027166666666666655,0.11333333333333334,0.11333333333333334,0.10527142857142859,0.10527142857142859,0.0023333333333333353,0.0023333333333333353
2024-10-29,69910.046875,73577.2109375,69729.9140625,72720.4921875,58541874402,0.039446590577762564,BTC,0.04904999999999998,0.04904999999999998,0.08650000000000001,0.08650000000000001,0.027166666666666655,0.027166666666666655,0.11333333333333334,0.11333333333333334,0.032,0.032
2024-10-30,72715.3671875,72905.296875,71411.734375,72339.5390625,40646637831,-0.00525236341818669,BTC,-0.047580000000000004,-0.047580000000000004,0.04904999999999998,0.04904999999999998,0.08650000000000001,0.08650000000000001,0.027166666666666655,0.027166666666666655,0.10527142857142859,0.10527142857142859
2024-10-31,72335.046875,72662.3125,69590.5,70215.1875,40627912076,-0.02980622089692453,BTC,0.16331428571428575,0.16331428571428575,-0.047580000000000004,-0.047580000000000004,0.04904999999999998,0.04904999999999998,0.08650000000000001,0.08650000000000001,0.11333333333333334,0.11333333333333334
2024-11-01,70216.8984375,71559.015625,68779.703125,69482.46875,49989795365,-0.010490161236779372,BTC,0.1258,0.1258,0.16331428571428575,0.16331428571428575,-0.047580000000000004,-0.047580000000000004,0.04904999999999998,0.04904999999999998,0.027166666666666655,0.027166666666666655
2024-11-02,69486.0234375,69867.3515625,69033.71875,69289.2734375,18184612091,-0.002784362785529737,BTC,0.025675,0.025675,0.1258,0.1258,0.16331428571428575,0.16331428571428575,-0.047580000000000004,-0.047580000000000004,0.08650000000000001,0.08650000000000001
2024-11-06,69358.5,76460.15625,69322.03125,75639.078125,118592653963,0.08666903126846393,BTC,0.5859,0.5859,0.025675,0.025675,0.1258,0.1258,0.16331428571428575,0.16331428571428575,0.04904999999999998,0.04904999999999998
2024-11-10,76775.546875,81474.421875,76565.4296875,80474.1875,82570594495,0.04700704537184386,BTC,0.0,0.0,0.5859,0.5859,0.025675,0.025675,0.1258,0.1258,-0.047580000000000004,-0.047580000000000004
2024-11-11,80471.4140625,89604.5,80283.25,88701.484375,117966845037,0.09734014312496164,BTC,0.009846153846153846,0.009846153846153846,0.0,0.0,0.5859,0.5859,0.025675,0.025675,0.16331428571428575,0.16331428571428575
2024-11-12,88705.5625,89956.8828125,85155.109375,87955.8125,133673285375,-0.008442066269106263,BTC,0.04667,0.04667,0.009846153846153846,0.009846153846153846,0.0,0.0,0.5859,0.5859,0.1258,0.1258
2024-11-13,87929.96875,93434.3515625,86256.9296875,90584.1640625,123559027869,0.029444850487761798,BTC,0.16665999999999997,0.16665999999999997,0.04667,0.04667,0.009846153846153846,0.009846153846153846,0.0,0.0,0.025675,0.025675
2024-11-14,90574.8828125,91765.21875,86682.8125,87250.4296875,87616705248,-0.03749692231881241,BTC,0.11315,0.11315,0.16665999999999997,0.16665999999999997,0.04667,0.04667,0.009846153846153846,0.009846153846153846,0.5859,0.5859
2024-11-15,87284.1796875,91868.7421875,87124.8984375,91066.0078125,78243109518,0.04280211829142644,BTC,0.2347,0.2347,0.11315,0.11315,0.16665999999999997,0.16665999999999997,0.04667,0.04667,0.0,0.0
2024-11-16,91064.3671875,91763.9453125,90094.2265625,90558.4765625,44333192814,-0.005588812244118557,BTC,-0.07585000000000001,-0.07585000000000001,0.2347,0.2347,0.11315,0.11315,0.16665999999999997,0.16665999999999997,0.009846153846153846,0.009846153846153846
2024-11-18,89843.71875,92596.7890625,89393.59375,90542.640625,75535775084,0.007725465406075216,BTC,0.0758888888888889,0.0758888888888889,-0.07585000000000001,-0.07585000000000001,0.2347,0.2347,0.11315,0.11315,0.04667,0.04667
2024-11-19,90536.8125,94002.8671875,90426.984375,92343.7890625,74521048295,0.01969754318365169,BTC,-0.074,-0.074,0.0758888888888889,0.0758888888888889,-0.07585000000000001,-0.07585000000000001,0.2347,0.2347,0.16665999999999997,0.16665999999999997
2024-11-20,92341.890625,94902.0234375,91619.5,94339.4921875,71730956426,0.02138144499843264,BTC,0.20984166666666668,0.20984166666666668,-0.074,-0.074,0.0758888888888889,0.0758888888888889,-0.07585000000000001,-0.07585000000000001,0.11315,0.11315
2024-11-21,94334.640625,99014.21875,94132.6015625,98504.7265625,106024505582,0.04320463738221214,BTC,0.13219999999999998,0.13219999999999998,0.20984166666666668,0.20984166666666668,-0.074,-0.074,0.0758888888888889,0.0758888888888889,0.2347,0.2347
2024-11-22,98496.4296875,99655.5,97222.6640625,98997.6640625,78473580551,0.0049917220950614904,BTC,0.12792222222222221,0.12792222222222221,0.13219999999999998,0.13219999999999998,0.20984166666666668,0.20984166666666668,-0.074,-0.074,-0.07585000000000001,-0.07585000000000001
2024-11-23,99006.7421875,99014.6796875,97232.890625,97777.28125,44414644677,-0.012404002529793345,BTC,0.7579,0.7579,0.12792222222222221,0.12792222222222221,0.13219999999999998,0.13219999999999998,0.20984166666666668,0.20984166666666668,0.0758888888888889,0.0758888888888889
2024-11-24,97778.09375,98647.1796875,95788.078125,98013.8203125,51712020623,0.0024162403264789134,BTC,0.26022,0.26022,0.7579,0.7579,0.12792222222222221,0.12792222222222221,0.13219999999999998,0.13219999999999998,-0.074,-0.074
2024-11-25,98033.4453125,98935.03125,92642.9140625,93102.296875,80909462490,-0.051409637293289734,BTC,0.06691666666666667,0.06691666666666667,0.26022,0.26022,0.7579,0.7579,0.12792222222222221,0.12792222222222221,0.20984166666666668,0.20984166666666668
2024-11-26,93087.28125,94991.75,90770.8125,91985.3203125,91656519855,-0.012069852534281722,BTC,-0.08058421052631579,-0.08058421052631579,0.06691666666666667,0.06691666666666667,0.26022,0.26022,0.7579,0.7579,0.13219999999999998,0.13219999999999998
2024-11-27,91978.140625,97361.1796875,91778.6640625,95962.53125,71133452438,0.04232881330495708,BTC,0.07495454545454545,0.07495454545454545,-0.08058421052631579,-0.08058421052631579,0.06691666666666667,0.06691666666666667,0.26022,0.26022,0.12792222222222221,0.12792222222222221
2024-11-28,95954.9453125,96650.203125,94677.3515625,95652.46875,52260008261,-0.0032363100031336245,BTC,0.08193333333333333,0.08193333333333333,0.07495454545454545,0.07495454545454545,-0.08058421052631579,-0.08058421052631579,0.06691666666666667,0.06691666666666667,0.7579,0.7579
2024-11-29,95653.953125,98693.171875,95407.8828125,97461.5234375,54968682476,0.018736162907208254,BTC,0.007863157894736841,0.007863157894736841,0.08193333333333333,0.08193333333333333,0.07495454545454545,0.07495454545454545,-0.08058421052631579,-0.08058421052631579,0.26022,0.26022
2024-11-30,97468.8125,97499.34375,96144.21875,96449.0546875,31634227866,-0.010442730465097583,BTC,0.3612,0.3612,0.007863157894736841,0.007863157894736841,0.08193333333333333,0.08193333333333333,0.07495454545454545,0.07495454545454545,0.06691666666666667,0.06691666666666667
2024-12-01,96461.3359375,97888.125,95770.1875,97279.7890625,36590695296,0.008576311620290156,BTC,0.26335,0.26335,0.3612,0.3612,0.007863157894736841,0.007863157894736841,0.08193333333333333,0.08193333333333333,-0.08058421052631579,-0.08058421052631579
2024-12-02,97276.0078125,98152.6015625,94482.8671875,95865.3046875,72680784305,-0.01464711979836153,BTC,0.10115,0.10115,0.26335,0.26335,0.3612,0.3612,0.007863157894736841,0.007863157894736841,0.07495454545454545,0.07495454545454545
2024-12-03,95854.59375,96297.203125,93629.5625,96002.1640625,67067810961,0.0014266034685608275,BTC,0.0066125,0.0066125,0.10115,0.10115,0.26335,0.26335,0.3612,0.3612,0.08193333333333333,0.08193333333333333
2024-12-04,95988.53125,99207.328125,94660.5234375,98768.53125,77199817112,0.028408310872006126,BTC,0.0789125,0.0789125,0.0066125,0.0066125,0.10115,0.10115,0.26335,0.26335,0.007863157894736841,0.007863157894736841
2024-12-05,98741.5390625,103900.46875,91998.78125,96593.5703125,149218945580,-0.022266865312221995,BTC,0.03742857142857143,0.03742857142857143,0.0789125,0.0789125,0.0066125,0.0066125,0.10115,0.10115,0.3612,0.3612
2024-12-06,97074.2265625,102039.8828125,96514.875,99920.7109375,94534772658,0.03386480176780893,BTC,-0.07085,-0.07085,0.03742857142857143,0.03742857142857143,0.0789125,0.0789125,0.0066125,0.0066125,0.26335,0.26335
2024-12-07,99916.7109375,100563.3828125,99030.8828125,99923.3359375,44177510897,2.6270484823953666e-05,BTC,-0.09866666666666667,-0.09866666666666667,-0.07085,-0.07085,0.03742857142857143,0.03742857142857143,0.0789125,0.0789125,0.10115,0.10115
2024-12-08,99921.9140625,101399.9921875,98771.515625,101236.015625,44125751925,0.013051327819740166,BTC,0.14689166666666667,0.14689166666666667,-0.09866666666666667,-0.09866666666666667,-0.07085,-0.07085,0.03742857142857143,0.03742857142857143,0.0066125,0.0066125
2024-12-09,101237.0625,101272.5078125,94355.9140625,97432.71875,110676473908,-0.038292503466212935,BTC,0.16097096774193548,0.16097096774193548,0.14689166666666667,0.14689166666666667,-0.09866666666666667,-0.09866666666666667,-0.07085,-0.07085,0.0789125,0.0789125
2024-12-10,97441.234375,98270.15625,94321.2578125,96675.4296875,104823780634,-0.007802793553988607,BTC,-0.01758333333333333,-0.01758333333333333,0.16097096774193548,0.16097096774193548,0.14689166666666667,0.14689166666666667,-0.09866666666666667,-0.09866666666666667,0.03742857142857143,0.03742857142857143
2024-12-11,96656.0625,101913.359375,95747.2265625,101173.03125,85391409936,0.04547294957076353,BTC,-0.01293846153846154,-0.01293846153846154,-0.01758333333333333,-0.01758333333333333,0.16097096774193548,0.16097096774193548,0.14689166666666667,0.14689166666666667,-0.07085,-0.07085
2024-12-12,101167.8046875,102524.9140625,99339.953125,100043.0,72073983533,-0.011232138149603443,BTC,0.006233333333333328,0.006233333333333328,-0.01293846153846154,-0.01293846153846154,-0.01758333333333333,-0.01758333333333333,0.16097096774193548,0.16097096774193548,-0.09866666666666667,-0.09866666666666667
2024-12-13,100046.6484375,101888.8046875,99233.28125,101459.2578125,56894751583,0.014057223472295988,BTC,0.14612727272727272,0.14612727272727272,0.006233333333333328,0.006233333333333328,-0.01293846153846154,-0.01293846153846154,-0.01758333333333333,-0.01758333333333333,0.14689166666666667,0.14689166666666667
2024-12-14,101451.4375,102618.8828125,100634.0546875,101372.96875,40422968793,-0.0008508417934169898,BTC,0.12891562499999998,0.12891562499999998,0.14612727272727272,0.14612727272727272,0.006233333333333328,0.006233333333333328,-0.01293846153846154,-0.01293846153846154,0.16097096774193548,0.16097096774193548
2024-12-16,104293.578125,107780.578125,103322.984375,106029.71875,91020417816,0.016460567443029817,BTC,0.0,0.0,0.12891562499999998,0.12891562499999998,0.14612727272727272,0.14612727272727272,0.006233333333333328,0.006233333333333328,-0.01758333333333333,-0.01758333333333333
2024-12-17,106030.6875,108268.4453125,105291.734375,106140.6015625,68589364868,0.0010452246330352466,BTC,0.06352,0.06352,0.0,0.0,0.12891562499999998,0.12891562499999998,0.14612727272727272,0.14612727272727272,-0.01293846153846154,-0.01293846153846154
2024-12-18,106147.296875,106470.609375,100041.5390625,100041.5390625,93865656139,-0.05917915465376922,BTC,-0.15105,-0.15105,0.06352,0.06352,0.0,0.0,0.12891562499999998,0.12891562499999998,0.006233333333333328,0.006233333333333328
2024-12-19,100070.6875,102748.1484375,95587.6796875,97490.953125,97221662392,-0.025825905125143933,BTC,0.0,0.0,-0.15105,-0.15105,0.06352,0.06352,0.0,0.0,0.14612727272727272,0.14612727272727272
2024-12-20,97484.6953125,98098.9140625,92175.1796875,97755.9296875,105634083408,0.002714273553184654,BTC,0.046,0.046,0.0,0.0,-0.15105,-0.15105,0.06352,0.06352,0.12891562499999998,0.12891562499999998
2024-12-21,97756.1953125,99507.1015625,96426.5234375,97224.7265625,51765334294,-0.005448791172121048,BTC,0.0,0.0,0.046,0.046,0.0,0.0,-0.15105,-0.15105,0.0,0.0
2024-12-22,97218.3203125,97360.265625,94202.1875,95104.9375,43147981314,-0.02204418038201439,BTC,0.17828,0.17828,0.0,0.0,0.046,0.046,0.0,0.0,0.06352,0.06352
2024-12-23,95099.390625,96416.2109375,92403.1328125,94686.2421875,65239002919,-0.004412175449120426,BTC,-0.07656666666666667,-0.07656666666666667,0.17828,0.17828,0.0,0.0,0.046,0.046,-0.15105,-0.15105
2024-12-24,94684.34375,99404.0625,93448.015625,98676.09375,47114953674,0.0412739940682787,BTC,-0.031724999999999996,-0.031724999999999996,-0.07656666666666667,-0.07656666666666667,0.17828,0.17828,0.0,0.0,0.0,0.0
2024-12-25,98675.9140625,99478.75,97593.46875,99299.1953125,33700394629,0.006294761562736895,BTC,0.2155,0.2155,-0.031724999999999996,-0.031724999999999996,-0.07656666666666667,-0.07656666666666667,0.17828,0.17828,0.046,0.046
2024-12-26,99297.6953125,99884.5703125,95137.8828125,95795.515625,47054980873,-0.03592159329680378,BTC,0.008899999999999998,0.008899999999999998,0.2155,0.2155,-0.031724999999999996,-0.031724999999999996,-0.07656666666666667,-0.07656666666666667,0.0,0.0
2024-12-27,95704.9765625,97294.84375,93310.7421875,94164.859375,52419934565,-0.01716880486495498,BTC,0.1736625,0.1736625,0.008899999999999998,0.008899999999999998,0.2155,0.2155,-0.031724999999999996,-0.031724999999999996,0.17828,0.17828
2024-12-28,94160.1875,95525.8984375,94014.2890625,95163.9296875,24107436185,0.010553910906912378,BTC,-0.054877777777777775,-0.054877777777777775,0.1736625,0.1736625,0.008899999999999998,0.008899999999999998,0.2155,0.2155,-0.07656666666666667,-0.07656666666666667
2024-12-29,95174.0546875,95174.875,92881.7890625,93530.2265625,29635885267,-0.01731631736860173,BTC,0.11655,0.11655,-0.054877777777777775,-0.054877777777777775,0.1736625,0.1736625,0.008899999999999998,0.008899999999999998,-0.031724999999999996,-0.031724999999999996
2024-12-30,93527.1953125,94903.3203125,91317.1328125,92643.2109375,56188003691,-0.009528989191728954,BTC,0.13771176470588234,0.13771176470588234,0.11655,0.11655,-0.054877777777777775,-0.054877777777777775,0.1736625,0.1736625,0.2155,0.2155
2024-12-31,92643.25,96090.6015625,91914.03125,93429.203125,43625106843,0.008448290052871954,BTC,0.07020869565217391,0.07020869565217391,0.13771176470588234,0.13771176470588234,0.11655,0.11655,-0.054877777777777775,-0.054877777777777775,0.008899999999999998,0.008899999999999998
2025-01-01,93425.1015625,94929.8671875,92788.125,94419.7578125,24519888919,0.010546386456946166,BTC,0.0007714285714285658,0.0007714285714285658,0.07020869565217391,0.07020869565217391,0.13771176470588234,0.13771176470588234,0.11655,0.11655,0.1736625,0.1736625
