timestamp,BTC,NIFTY
2024-10-03,14,10
2024-10-04,11,13
2024-10-05,4,1
2024-10-06,3,0
2024-10-07,12,6
2024-10-08,13,5
2024-10-09,7,6
2024-10-10,17,13
2024-10-11,7,5
2024-10-12,3,1
2024-10-13,10,1
2024-10-14,9,11
2024-10-15,5,13
2024-10-16,9,5
2024-10-17,6,11
2024-10-18,4,8
2024-10-19,2,3
2024-10-20,5,2
2024-10-21,6,23
2024-10-22,3,8
2024-10-23,4,12
2024-10-24,7,5
2024-10-25,3,10
2024-10-26,0,1
2024-10-27,3,2
2024-10-28,11,15
2024-10-29,4,13
2024-10-30,10,9
2024-10-31,7,14
2024-11-01,8,4
2024-11-02,4,1
2024-11-03,0,2
2024-11-04,0,10
2024-11-05,0,17
2024-11-06,1,9
2024-11-07,0,4
2024-11-08,0,12
2024-11-09,0,2
2024-11-10,6,4
2024-11-11,13,11
2024-11-12,10,20
2024-11-13,5,19
2024-11-14,2,22
2024-11-15,6,5
2024-11-16,4,4
2024-11-17,0,2
2024-11-18,9,10
2024-11-19,4,8
2024-11-20,12,9
2024-11-21,9,9
2024-11-22,9,9
2024-11-23,1,2
2024-11-24,5,1
2024-11-25,12,13
2024-11-26,19,10
2024-11-27,11,11
2024-11-28,6,13
2024-11-29,19,10
2024-11-30,3,7
2024-12-01,2,3
2024-12-02,2,15
2024-12-03,8,12
2024-12-04,8,12
2024-12-05,14,13
2024-12-06,6,6
2024-12-07,3,3
2024-12-08,12,1
2024-12-09,31,9
2024-12-10,18,11
2024-12-11,13,14
2024-12-12,15,6
2024-12-13,22,12
2024-12-14,32,3
2024-12-15,0,2
2024-12-16,2,12
2024-12-17,5,7
2024-12-18,6,6
2024-12-19,1,3
2024-12-20,4,9
2024-12-21,2,0
2024-12-22,5,2
2024-12-23,9,8
2024-12-24,8,4
2024-12-25,4,2
2024-12-26,9,8
2024-12-27,8,6
2024-12-28,9,2
2024-12-29,4,0
2024-12-30,17,0
2024-12-31,23,7
2025-01-01,7,7
